{"cameraMode":{"drawMode":0,"name":"Shaded","section":"Shading Mode"},"sceneLighting":false,"audioPlay":false,"sceneViewState":{"m_AlwaysRefresh":false,"showFog":true,"showSkybox":false,"showFlares":true,"showImageEffects":true,"showParticleSystems":true,"showVisualEffectGraphs":true,"m_FxEnabled":true},"in2DMode":false,"pivot":{"x":-7.152557373046875e-7,"y":0.9381707906723023,"z":-0.02111196517944336},"rotation":{"x":-0.006388527806848288,"y":0.9654881954193115,"z":-0.023739639669656755,"w":-0.2594197988510132},"size":1.5007754564285279,"orthographic":false}