{"cameraMode":{"drawMode":0,"name":"Shaded","section":"Shading Mode"},"sceneLighting":true,"audioPlay":false,"sceneViewState":{"m_AlwaysRefresh":false,"showFog":true,"showSkybox":true,"showFlares":true,"showImageEffects":true,"showParticleSystems":true,"showVisualEffectGraphs":true,"m_FxEnabled":true},"in2DMode":false,"pivot":{"x":-61.552310943603519,"y":1.1503301858901978,"z":-36.78041458129883},"rotation":{"x":-0.029941942542791368,"y":0.7748897671699524,"z":0.03710144758224487,"w":0.6304822564125061},"size":1.2683942317962647,"orthographic":false}