{"cameraMode":{"drawMode":0,"name":"Shaded","section":"Shading Mode"},"sceneLighting":false,"audioPlay":false,"sceneViewState":{"m_AlwaysRefresh":false,"showFog":true,"showSkybox":false,"showFlares":true,"showImageEffects":true,"showParticleSystems":true,"showVisualEffectGraphs":true,"m_FxEnabled":true},"in2DMode":false,"pivot":{"x":0.0000010132789611816407,"y":0.9012029767036438,"z":0.01050645112991333},"rotation":{"x":0.011218536645174027,"y":0.98879075050354,"z":0.10812238603830338,"w":-0.10270140320062638},"size":1.4594513177871705,"orthographic":false}