{
    "UxmlGuid": "b5a3b86684d752e4e90588f2516404ea",
    "UxmlPath": "Assets/UI/menu.uxml",
    "CanvasX": 209,
    "CanvasY": 0,
    "CanvasWidth": 800,
    "CanvasHeight": 600,
    "MatchGameView": false,
    "ZoomScale": 1.100000023841858,
    "PanOffset": {
        "x": -145.63519287109376,
        "y": 25.24687957763672
    },
    "ColorModeBackgroundOpacity": 0.7599999904632568,
    "ImageModeCanvasBackgroundOpacity": 1.0,
    "CameraModeCanvasBackgroundOpacity": 1.0,
    "EnableCanvasBackground": true,
    "CanvasBackgroundMode": 0,
    "CanvasBackgroundColor": {
        "r": 0.12546350061893464,
        "g": 0.05783193185925484,
        "b": 0.5377358198165894,
        "a": 0.772549033164978
    },
    "CanvasBackgroundImage": {
        "instanceID": 0
    },
    "CanvasBackgroundImageScaleMode": 1,
    "CanvasBackgroundCameraName": ""
}