{"cameraMode":{"drawMode":0,"name":"Shaded","section":"Shading Mode"},"sceneLighting":false,"audioPlay":false,"sceneViewState":{"m_AlwaysRefresh":false,"showFog":true,"showSkybox":false,"showFlares":true,"showImageEffects":true,"showParticleSystems":true,"showVisualEffectGraphs":true,"m_FxEnabled":true},"in2DMode":false,"pivot":{"x":0.35866692662239077,"y":0.8369106650352478,"z":-0.7957633137702942},"rotation":{"x":-0.03780438378453255,"y":0.9458296298980713,"z":-0.29972732067108157,"w":-0.11921592056751251},"size":0.7750478386878967,"orthographic":false}