{"cameraMode":{"drawMode":0,"name":"Shaded","section":"Shading Mode"},"sceneLighting":false,"audioPlay":false,"sceneViewState":{"m_AlwaysRefresh":false,"showFog":true,"showSkybox":false,"showFlares":true,"showImageEffects":true,"showParticleSystems":true,"showVisualEffectGraphs":true,"m_FxEnabled":true},"in2DMode":false,"pivot":{"x":-21.58983039855957,"y":2.2658424377441408,"z":-8.527233123779297},"rotation":{"x":-0.00020554910588543862,"y":-0.998248815536499,"z":0.033328019082546237,"w":0.05472767725586891},"size":0.3235889673233032,"orthographic":false}